asin	product_title	product_price	unit_price	unit_count	product_original_price	currency	product_star_rating	product_num_ratings	product_url	product_photo	product_num_offers	product_minimum_offer_price	is_best_seller	is_amazon_choice	is_prime	climate_pledge_friendly	sales_volume	delivery	has_variations	product_badge	product_byline	coupon_text
B0D2JD4PZJ	Pack Ração Úmida Kitekat Sachê Peixe ao Molho para Gatos Adultos 70 g - 48 unid	R$ 86,4	R$ 1,8	48.0	R$ 96,0	BRL	4.6	37	https://www.amazon.com.br/dp/B0D2JD4PZJ	https://m.media-amazon.com/images/I/712FN5bXAmL._AC_UL960_FMwebp_QL65_.jpg	1	R$ 86,4	False	False	True	False	Mais de 100 compras no mês passad		False	Oferta Prime Day		
B0D1KCWZ7W	Heybly Árvore para gatos, 166 cm, torre para gatos internos, condomínio com folhas, cesta, folha, tigela de alimentação, móveis modernos de pelúcia de vários níveis, cinza claro	R$ 558,7	R$ 558,7	1.0		BRL	4.3	499	https://www.amazon.com.br/dp/B0D1KCWZ7W	https://m.media-amazon.com/images/I/710c8QSTvsL._AC_UL960_FMwebp_QL65_.jpg	1	R$ 354,5	False	False	True	False		Entrega R$ 8,90: sex., 8 de ago.	False			
B0DH288Y3C	5L Alimentador Automatico Pet, Tuya WiFi Alimentador Automatico Gatos, Fácil de Programar Pequenos Animais de Estimação em Ambientes Inter	R$ 364,6	R$ 0,2	1658.0	R$ 429,0	BRL	4.4	61	https://www.amazon.com.br/dp/B0DH288Y3C	https://m.media-amazon.com/images/I/71QzHtxaggL._AC_UL960_FMwebp_QL65_.jpg	1	R$ 364,6	False	False	True	False	Mais de 40 compras no mês passad		False	Com Prime		
B0F7RMLZBZ	Cercado para Gatos - Casa para Gatos e Cães - Casa Dobrável Com Brinquedos Interativos, Área De Exercícios Para Filhotes E Pequenos Animais Em Via	R$ 353,5	R$ 353,5	1.0		BRL		0	https://www.amazon.com.br/dp/B0F7RMLZBZ	https://m.media-amazon.com/images/I/71Fx4C+dayL._AC_UL960_FMwebp_QL65_.jpg	1	R$ 353,5	False	False	False	False		Entrega R$ 40,99: 28 de jul. - 4 de ago.Ou entrega mais rápida: 18 - 22 de jul	False			
B0F7RMLZBZ	Cercado para Gatos - Casa para Gatos e Cães - Casa Dobrável Com Brinquedos Interativos, Área De Exercícios Para Filhotes E Pequenos Animais Em Via	R$ 353,5	R$ 353,5	1.0		BRL		0	https://www.amazon.com.br/dp/B0F7RMLZBZ	https://m.media-amazon.com/images/I/71Fx4C+dayL._AC_UL960_FMwebp_QL65_.jpg	1	R$ 353,5	False	False	False	False		Entrega R$ 40,99: 28 de jul. - 4 de ago.Ou entrega mais rápida: 18 - 22 de jul	False			
B0FBQJ2WR7	3 Aliv Pet 150 Mg Suplemento Alimentar para Cães Cachorro Cão Gatos 40 comprimidos K	R$ 349,9	R$ 116,6	3.0		BRL		0	https://www.amazon.com.br/dp/B0FBQJ2WR7	https://m.media-amazon.com/images/I/51vSK4A072L._AC_UL960_FMwebp_QL65_.jpg	1	R$ 349,9	False	False	False	False		Entrega GRÁTIS: seg., 21 de jul	False			
B0CT13MZ6W	Ouro Fino Ativi Cart 40 Mg com 3 UN	R$ 339,9	R$ 113,3	3.0		BRL	4.9	13	https://www.amazon.com.br/dp/B0CT13MZ6W	https://m.media-amazon.com/images/I/51+YUkEmo0L._AC_UL960_FMwebp_QL65_.jpg	1	R$ 339,9	False	False	False	False	Mais de 20 compras no mês passad	Entrega GRÁTIS: seg., 21 de jul	False			
B0C44HYK7W	Ração Premier Nutrição Clínica Diabetes Cães Porte Pequeno 1	R$ 339,9	R$ 339,9	1.0		BRL	4.6	19	https://www.amazon.com.br/dp/B0C44HYK7W	https://m.media-amazon.com/images/I/51M4q71rVVL._AC_UL960_FMwebp_QL65_.jpg	8	R$ 300,0	False	False	False	False	Mais de 20 compras no mês passad	Entrega GRÁTIS: sex., 18 de jul	False			
B0009YJ1W0	Seachem PolyGuard 100 gramas	R$ 335,8	R$ 335,8	1.0		BRL	4.7	187	https://www.amazon.com.br/dp/B0009YJ1W0	https://m.media-amazon.com/images/I/7182X5BW9ZL._AC_UL960_FMwebp_QL65_.jpg	1	R$ 335,8	False	False	False	False		Entrega R$ 8,90: sex., 8 de ago.	False			
B0DTLLZJPT	Fórmula Natural Vet Care Renal Ração Seca Para Gatos Adultos 	R$ 329,9	R$ 329,9	1.0		BRL		0	https://www.amazon.com.br/dp/B0DTLLZJPT	https://m.media-amazon.com/images/I/61P-h5e4PvL._AC_UL960_FMwebp_QL65_.jpg	1	R$ 329,9	False	False	False	False		Entrega R$ 80,82: 25 - 31 de jul.	False			
B0BX45DNF6	Ração Premier Nutrição Clínica Renal Cães Adultos Porte P	R$ 329,9	R$ 329,9	1.0		BRL	4.9	58	https://www.amazon.com.br/dp/B0BX45DNF6	https://m.media-amazon.com/images/I/511Ge1wQJVL._AC_UL960_FMwebp_QL65_.jpg	9	R$ 297,6	False	False	False	False	Mais de 50 compras no mês passad	Entrega GRÁTIS: sex., 18 de jul	False			
B0D76BV8BT	Comedouro para Cães, Comedouro para gatos, Alimentador Automático Pet, 2 Comida Elevada para Gatos, 	R$ 321,3	R$ 0,2	1607.0	R$ 399,0	BRL	4.6	118	https://www.amazon.com.br/dp/B0D76BV8BT	https://m.media-amazon.com/images/I/61XHiHPgzXL._AC_UL960_FMwebp_QL65_.jpg	1	R$ 321,3	False	False	True	False	Mais de 100 compras no mês passad		False	Com Prime		
B07Y2DPJG1	Cibau para Cães Adultos de Raças Mini e Pequenas Sabor Carne e Frango 15	R$ 319,9	R$ 21,3	15.0		BRL	4.7	92	https://www.amazon.com.br/dp/B07Y2DPJG1	https://m.media-amazon.com/images/I/51w2kPFOAjL._AC_UL960_FMwebp_QL65_.jpg	5	R$ 262,0	False	False	False	False		Entrega R$ 72,90: 23 - 25 de jul.	False			
B0CZ753B34	Heybly Árvore para gatos com escova para cuidados pessoais, condomínio Cat Tower para gatos internos com poleiro de pelúcia acolchoado HCT00	R$ 310,0	R$ 310,0	1.0		BRL	4.4	274	https://www.amazon.com.br/dp/B0CZ753B34	https://m.media-amazon.com/images/I/714yBpHFFOL._AC_UL960_FMwebp_QL65_.jpg	1	R$ 211,0	False	False	True	False	Mais de 20 compras no mês passad	Entrega R$ 8,90: sex., 8 de ago.	False			
B0DHYPDL36	Bionatural Prime - Salmão Gatos Adultos 20k	R$ 309,9				BRL	5	3	https://www.amazon.com.br/dp/B0DHYPDL36	https://m.media-amazon.com/images/I/51TQSMKbOnL._AC_UL960_FMwebp_QL65_.jpg	3	R$ 309,9	False	False	False	False			False			
B0CBQ7GF2S	Extrato K-Renale 120ML	R$ 299,0	R$ 299,0	1.0		BRL	4.8	10	https://www.amazon.com.br/dp/B0CBQ7GF2S	https://m.media-amazon.com/images/I/41yH29volsL._AC_UL960_FMwebp_QL65_.jpg	1	R$ 299,0	False	False	False	False		Entrega GRÁTIS: qui., 24 de jul	False			
B0BM82CPC5	HERCOSUL Ração Biofresh Gatos Adulto Frango - 7 5	R$ 283,3	R$ 37,7	8.0		BRL	4.6	91	https://www.amazon.com.br/dp/B0BM82CPC5	https://m.media-amazon.com/images/I/51OWB7MJp9L._AC_UL960_FMwebp_QL65_.jpg	1	R$ 283,3	False	False	False	False	Mais de 100 compras no mês passad	Entrega GRÁTIS: dom., 20 de jul	False			
B0CRCKBT1W	Casa Casinha De Cachorro com Telhado Ecológico Grande N5 (Amarela	R$ 281,6	R$ 281,6	1.0		BRL	4.5	27	https://www.amazon.com.br/dp/B0CRCKBT1W	https://m.media-amazon.com/images/I/51dAssbD8uL._AC_UL960_FMwebp_QL65_.jpg	1	R$ 281,6	False	False	False	True		Entrega GRÁTIS: qui., 31 de jul	False			
B0DKSWZM5G	85cm x 150cm Grade para Cachorros, Tela Proteção Pet, Grade Tela de Proteção, Portao Pet, Portão pet, Escada Segurança para Pet, Rollin	R$ 274,9				BRL	4.4	16	https://www.amazon.com.br/dp/B0DKSWZM5G	https://m.media-amazon.com/images/I/51vbJao5jZL._AC_UL960_FMwebp_QL65_.jpg	1	R$ 274,9	False	False	False	False	Mais de 30 compras no mês passad	Entrega GRÁTIS: sex., 18 de jul	False			
B0DHYMLLZS	Bionatural Prime - Frango Cães De Raças Méd/Grand Adultos 2	R$ 271,9				BRL	5	2	https://www.amazon.com.br/dp/B0DHYMLLZS	https://m.media-amazon.com/images/I/41Qkcg5ewdL._AC_UL960_FMwebp_QL65_.jpg	4	R$ 271,9	False	False	False	False			False			
B0FG9K5J8X	Cama Pet Impermeável e Lavável para Cachorros, Petgram - com Tratamento Antimicrobiano (G (70cm x 62cm), Verde Musg	R$ 269,0	R$ 269,0	1.0		BRL	4.5	96	https://www.amazon.com.br/dp/B0FG9K5J8X	https://m.media-amazon.com/images/I/61TcoDRZ4EL._AC_UL960_FMwebp_QL65_.jpg	1	R$ 269,0	False	False	False	True		Entrega GRÁTIS: qui., 31 de jul	False			
B07YP2NYL6	Veterinary Urinary Equilíbrio 7,5k	R$ 263,9	R$ 263,9	1.0		BRL	4.7	93	https://www.amazon.com.br/dp/B07YP2NYL6	https://m.media-amazon.com/images/I/51-Qm1Bc6zL._AC_UL960_FMwebp_QL65_.jpg	15	R$ 218,1	False	False	False	False	Mais de 50 compras no mês passad	Entrega GRÁTIS: sex., 18 de jul	False			
B0DS2JBX23	Casa de Gato, Cama de Gato, Casinha para Gatos, Cama para Gatos com 3 Andares Dobrável, 40 * 40 * 62cm, Toca para Gatos, Dobrável e Fácil de Guar	R$ 259,9	R$ 259,9	1.0		BRL	5	2	https://www.amazon.com.br/dp/B0DS2JBX23	https://m.media-amazon.com/images/I/61IlccAAHUL._AC_UL960_FMwebp_QL65_.jpg	1	R$ 259,9	False	False	False	False	Mais de 20 compras no mês passad	Entrega GRÁTIS: qui., 31 de jul	False			
B0FGY1LVFK	3m Portão Grade Retrátil de Proteção para Bebês e Cachorros, Portaozinho de Escada Instalação Sem Furos, Trava Dupla,Operação com uma mão,Portao Segurança Bebê Pet, Cercado pa	R$ 259,0				BRL		0	https://www.amazon.com.br/dp/B0FGY1LVFK	https://m.media-amazon.com/images/I/816mAYjmrdL._AC_UL960_FMwebp_QL65_.jpg	1	R$ 259,0	False	False	False	False		Entrega GRÁTIS: ter., 29 de jul	False			
B0FGY1LVFK	3m Portão Grade Retrátil de Proteção para Bebês e Cachorros, Portaozinho de Escada Instalação Sem Furos, Trava Dupla,Operação com uma mão,Portao Segurança Bebê Pet, Cercado pa	R$ 259,0				BRL		0	https://www.amazon.com.br/dp/B0FGY1LVFK	https://m.media-amazon.com/images/I/816mAYjmrdL._AC_UL960_FMwebp_QL65_.jpg	1	R$ 259,0	False	False	False	False		Entrega GRÁTIS: ter., 29 de jul	False			
B0DHF1GS33	Cama Sofá Pet Grande 120x80x17cm Lavável e Resistente - Escolha a Cor - Pet Querido (Marro	R$ 254,9	R$ 254,9	1.0		BRL	4.5	10	https://www.amazon.com.br/dp/B0DHF1GS33	https://m.media-amazon.com/images/I/51RjBqo5HzL._AC_UL960_FMwebp_QL65_.jpg	1	R$ 254,9	False	False	False	False		Entrega GRÁTIS: sex., 18 de jul	False			
B0DQPZV7C7	Alimentador Pet Gato Cão Automático WiFi Smart Dispensador de Ração Automático,Comedouro para Caes	R$ 254,1	R$ 0,2	1210.0	R$ 299,0	BRL	3	10	https://www.amazon.com.br/dp/B0DQPZV7C7	https://m.media-amazon.com/images/I/61PP3KTg7YL._AC_UL960_FMwebp_QL65_.jpg	1	R$ 254,1	False	False	True	False			False	Com Prime		
B0DGTSFP5Q	Alimentador Automático Pet, 4L Comedouro para Caes Fácil Comedouro Elevado para Caes, Controle de Aplicativo WiFi - Gravador de V	R$ 253,3	R$ 0,2	1206.0	R$ 298,0	BRL	4.5	160	https://www.amazon.com.br/dp/B0DGTSFP5Q	https://m.media-amazon.com/images/I/51ansqiUO5L._AC_UL960_FMwebp_QL65_.jpg	1	R$ 253,3	False	False	True	False	Mais de 50 compras no mês passad		False	Com Prime		
B0CWZ9KXJX	Ração Cuidado Digestivo Para Gatos Adultos 3kg Royal Can	R$ 246,9	R$ 246,9	1.0	R$ 268,5	BRL	5	6	https://www.amazon.com.br/dp/B0CWZ9KXJX	https://m.media-amazon.com/images/I/41emsY-Q2VL._AC_UL924_FMwebp_QL65_.jpg	8	R$ 245,9	False	False	False	False	Mais de 20 compras no mês passad	Entrega GRÁTIS: seg., 21 de jul	False			
B07Y5KH4PV	Guabi Natural Ração Gato Adulto Castrado Frango E Arroz Integral 7 5	R$ 243,9	R$ 32,5	7.0		BRL	4.6	131	https://www.amazon.com.br/dp/B07Y5KH4PV	https://m.media-amazon.com/images/I/61GzzPuhn6L._AC_UL960_FMwebp_QL65_.jpg	5	R$ 229,9	False	False	False	False	Mais de 40 compras no mês passad	Entrega GRÁTIS: seg., 21 de jul	False			
B0BYQF6LZK	Nattu Gatos Adultos Castrados Abóbora 7,5Kg Ração Alime	R$ 241,8	R$ 241,8	1.0		BRL	4.5	18	https://www.amazon.com.br/dp/B0BYQF6LZK	https://m.media-amazon.com/images/I/71UwL4eQPqL._AC_UL960_FMwebp_QL65_.jpg	6	R$ 212,0	False	False	False	False	Mais de 30 compras no mês passad	Entrega GRÁTIS: dom., 20 de jul	False			
B0F1D41M7S	alta densidade para cães, degraus antiderrapantes para animais de estimação para cães mais velhos, escada de sofá-cama para gatos (Cinza - 3 camadas, 	R$ 239,9	R$ 239,9	1.0		BRL	3.8	11	https://www.amazon.com.br/dp/B0F1D41M7S	https://m.media-amazon.com/images/I/7108by9omqL._AC_UL960_FMwebp_QL65_.jpg	1	R$ 239,9	False	False	False	False		Entrega GRÁTIS: sex., 18 de jul	False			
B07YP2NYP1	Veterinary Hepatic Equilíbrio 7,5k	R$ 238,0	R$ 238,0	1.0		BRL	4.7	80	https://www.amazon.com.br/dp/B07YP2NYP1	https://m.media-amazon.com/images/I/51Qvlg5z58L._AC_UL960_FMwebp_QL65_.jpg	8	R$ 231,2	False	False	False	False	Mais de 50 compras no mês passad	Entrega GRÁTIS: dom., 20 de jul	False			
B0DBLLK5NV	Alimentador Automático Cães Gatos Pets,4L Tuya APP Alimentador Pet Gato Cão Automático Wi-fi Smart Programável 1-4 Refeições 	R$ 236,3	R$ 59,0	4.0	R$ 299,0	BRL	4.6	126	https://www.amazon.com.br/dp/B0DBLLK5NV	https://m.media-amazon.com/images/I/61Cgt-31EVL._AC_UL960_FMwebp_QL65_.jpg	1	R$ 236,3	False	False	True	False	Mais de 100 compras no mês passad		False	Com Prime		
B0DQL8RTHX	2L Mini Comedouro Automático para Gatos, Aplicativo Inteligente TUYA WIFI Dispenser Comida Pet Automatico, Potes e Tigelas para Cã	R$ 236,3	R$ 0,2	1182.0	R$ 289,0	BRL	5	1	https://www.amazon.com.br/dp/B0DQL8RTHX	https://m.media-amazon.com/images/I/61l+1x8QTkL._AC_UL960_FMwebp_QL65_.jpg	1	R$ 236,3	False	False	True	False			False	Com Prime		
B0BWYRT7T5	Nutri R Nutrimed 200ml - Caixa com 12 unidades	R$ 221,6	R$ 221,6	1.0		BRL	4.7	27	https://www.amazon.com.br/dp/B0BWYRT7T5	https://m.media-amazon.com/images/I/61MIipxEgpL._AC_UL960_FMwebp_QL65_.jpg	1	R$ 221,6	False	False	False	False	Mais de 30 compras no mês passad	Entrega GRÁTIS: seg., 21 de jul	False		Baunilha	
B0DGY5B4S3	Bionatural Prime - Salmão Gatos Castrados 7,5k	R$ 213,8	R$ 213,8	1.0		BRL	4.7	11	https://www.amazon.com.br/dp/B0DGY5B4S3	https://m.media-amazon.com/images/I/513VSVlTVJL._AC_UL960_FMwebp_QL65_.jpg	3	R$ 176,9	False	False	False	False	Mais de 50 compras no mês passad	Entrega GRÁTIS: dom., 20 de jul	False			
B0BPN33P67	Organnact Suplemento Rennapro Dog 120G	R$ 205,2	R$ 205,2	1.0		BRL	4.7	41	https://www.amazon.com.br/dp/B0BPN33P67	https://m.media-amazon.com/images/I/61oEwnDzglL._AC_UL960_FMwebp_QL65_.jpg	5	R$ 189,9	False	False	False	False		Entrega GRÁTIS: qui., 31 de jul	False			
B0DH9T3QHL	Bionatural Prime - Salmão Gatos Adultos 7,5k	R$ 204,0	R$ 204,0	1.0		BRL	5	18	https://www.amazon.com.br/dp/B0DH9T3QHL	https://m.media-amazon.com/images/I/51xW+f1bagL._AC_UL960_FMwebp_QL65_.jpg	3	R$ 169,9	False	False	False	False	Mais de 50 compras no mês passad	Entrega GRÁTIS: dom., 20 de jul	False			
B07Z5GDZYW	Solução Oral Maxi/Guard para Cães e Gatos Cleansing Gel 11	R$ 201,2	R$ 1.705,2		R$ 214,3	BRL	4.4	42	https://www.amazon.com.br/dp/B07Z5GDZYW	https://m.media-amazon.com/images/I/51TW7-C2boL._AC_UL960_FMwebp_QL65_.jpg	3	R$ 170,7	False	False	False	False	Mais de 20 compras no mês passad	Entrega GRÁTIS: seg., 21 de jul	False			
B0C2QLP6L8	ADVOCATE DOG 2,5 ML X 3 (Cães de 10Kg até 25Kg) - COM	R$ 201,1	R$ 201,1	1.0		BRL	4.8	26	https://www.amazon.com.br/dp/B0C2QLP6L8	https://m.media-amazon.com/images/I/51XQviKE5IL._AC_UL960_FMwebp_QL65_.jpg	5	R$ 196,0	False	False	False	False	Mais de 20 compras no mês passad	Entrega GRÁTIS: dom., 20 de jul	False			
B0C2QLP6L8	ADVOCATE DOG 2,5 ML X 3 (Cães de 10Kg até 25Kg) - COM	R$ 201,1	R$ 201,1	1.0		BRL	4.8	26	https://www.amazon.com.br/dp/B0C2QLP6L8	https://m.media-amazon.com/images/I/51XQviKE5IL._AC_UL960_FMwebp_QL65_.jpg	5	R$ 196,0	False	False	False	False	Mais de 20 compras no mês passad	Entrega GRÁTIS: dom., 20 de jul	False			
B08DV67QVG	6 Unidades Fenzol Pet 500mg Vermífugo Cães C/ 6 Comp. Agen	R$ 199,0				BRL	4.8	11	https://www.amazon.com.br/dp/B08DV67QVG	https://m.media-amazon.com/images/I/71D0ODtRz7L._AC_UL960_FMwebp_QL65_.jpg	3	R$ 198,0	False	False	False	False		Entrega GRÁTIS: sex., 1 de ago	False			
B0D7MPS3P1	Caixa de Transporte Pet Gatos e Cães Pequeno Médio e Grandes (Azul, Nº4 até 1	R$ 195,0	R$ 195,0	1.0		BRL	4.6	149	https://www.amazon.com.br/dp/B0D7MPS3P1	https://m.media-amazon.com/images/I/71eBI4PVH5L._AC_UL960_FMwebp_QL65_.jpg	1	R$ 195,0	False	False	False	False		Entrega GRÁTIS: ter., 5 de ago	False			
B07XNKXN2L	Ração para Cães Fracionada Premiatta Wheyhd Raças Pequenas Sabor Frango, 6kg (30 x 2	R$ 194,9	R$ 32,5	6.0		BRL	4.7	240	https://www.amazon.com.br/dp/B07XNKXN2L	https://m.media-amazon.com/images/I/51ak+4h3E9L._AC_UL960_FMwebp_QL65_.jpg	8	R$ 173,9	False	False	False	False	Mais de 50 compras no mês passad	Entrega GRÁTIS: seg., 21 de jul	False			
B0CKS19V7Y	Cadeira Assento Transporte Pet Cachorro Gato Carro Seguro Confortável Viagem Até 30	R$ 189,0	R$ 1,8	100.0		BRL	4.4	66	https://www.amazon.com.br/dp/B0CKS19V7Y	https://m.media-amazon.com/images/I/51ilROsLKVL._AC_UL960_FMwebp_QL65_.jpg	1	R$ 189,0	False	False	False	False	Mais de 50 compras no mês passad	Entrega GRÁTIS: sex., 18 de jul	False			Economize 10% com o cupom
B0DHYQCNL1	Bionatural Prime - Cordeiro Cães De Raças Peq. Adultos 10,1	R$ 188,9				BRL	3.7	4	https://www.amazon.com.br/dp/B0DHYQCNL1	https://m.media-amazon.com/images/I/51AzxUEmGrL._AC_UL960_FMwebp_QL65_.jpg	3	R$ 188,9	False	False	False	False	Mais de 20 compras no mês passad		False			
B0D2XSVK2F	2.6L Fonte de água para gatos, Sensor sem fio USB Fonte de água Automática para Gatos e Vários Animais de Estimação, Operada s	R$ 186,1	R$ 0,2	716.0	R$ 209,0	BRL	4.5	47	https://www.amazon.com.br/dp/B0D2XSVK2F	https://m.media-amazon.com/images/I/612dfW7QlEL._AC_UL960_FMwebp_QL65_.jpg	1	R$ 186,1	False	False	True	False	Mais de 50 compras no mês passad		False	Com Prime		
B07SM1CJQD	Quatree Supreme Sabor Frango e Batata Doce Cães Adultos Raças Pequenas 10,1	R$ 185,9				BRL	4.8	37	https://www.amazon.com.br/dp/B07SM1CJQD	https://m.media-amazon.com/images/I/51PeII-0CBL._AC_UL960_FMwebp_QL65_.jpg	3	R$ 185,9	False	False	False	False	Mais de 100 compras no mês passad		False			
B09V3F97FQ	Antioxidante Gerioox Geriátrico Labyes 30 Comprimido	R$ 184,9	R$ 6,1	30.0	R$ 220,6	BRL	4.8	80	https://www.amazon.com.br/dp/B09V3F97FQ	https://m.media-amazon.com/images/I/51ynSo-hVPL._AC_UL960_FMwebp_QL65_.jpg	1	R$ 184,9	False	False	False	False	Mais de 50 compras no mês passad	Entrega R$ 2,43: qua., 30 de jul.Ou entrega mais rápida: 17 - 21 de jul	False			
B07XZGZRR6	Revolution.12% Marrom Cx., 0,50ml Caes Zoetis para Cãe	R$ 181,9	R$ 363,8	1.0		BRL	4.7	112	https://www.amazon.com.br/dp/B07XZGZRR6	https://m.media-amazon.com/images/I/51WtHJIR4KL._AC_UL960_FMwebp_QL65_.jpg	17	R$ 173,4	False	False	False	False	Mais de 40 compras no mês passad	Entrega GRÁTIS: qua., 6 de ago	False			
B0DQLTMT94	Rampa Pet Cachorro Antiderrapante Ajustável Regulável Sofá E C	R$ 180,0	R$ 180,0	1.0		BRL	4.8	6	https://www.amazon.com.br/dp/B0DQLTMT94	https://m.media-amazon.com/images/I/51fygaR7UgL._AC_UL960_FMwebp_QL65_.jpg	1	R$ 180,0	False	False	False	True		Entrega GRÁTIS: sex., 1 de ago	False			
B0CDCM8GVQ	Cama Para Cachorro Grande 100x87 Cm - ESCOLHA A COR - 100% Lavável e Resistente - Pet Querido (CINZA + PRETO	R$ 179,9	R$ 179,9	1.0		BRL	4.8	530	https://www.amazon.com.br/dp/B0CDCM8GVQ	https://m.media-amazon.com/images/I/516alcABdEL._AC_UL960_FMwebp_QL65_.jpg	1	R$ 179,9	False	False	False	False	Mais de 20 compras no mês passad	Entrega GRÁTIS: seg., 21 de jul	False			
B082DFDB1B	Inovet Plaqueoff	R$ 178,8	R$ 178,8	1.0		BRL	4.5	1274	https://www.amazon.com.br/dp/B082DFDB1B	https://m.media-amazon.com/images/I/51uijk9dU+L._AC_UL960_FMwebp_QL65_.jpg	1	R$ 178,8	False	False	False	False	Mais de 400 compras no mês passad	Entrega GRÁTIS: dom., 20 de jul	False			
B0DPHWTQ4Y	Bolsa Transporte Pet para Avião Cabine Viagem Ventilação Cães e Gatos Reforçada até 9kg Tela Arejada Alça e Tapete Removíve	R$ 178,0	R$ 178,0	1.0		BRL	4.9	13	https://www.amazon.com.br/dp/B0DPHWTQ4Y	https://m.media-amazon.com/images/I/71e4y05KC7L._AC_UL960_FMwebp_QL65_.jpg	1	R$ 178,0	False	False	False	False		Entrega GRÁTIS: sex., 18 de jul	False			
B07YSTCTLL	ADAPTIL Difusor + Refil - ajuda os cães em situações desafiantes como medo de ficar sozinho, fogos de artifício e adaptação a nova casa - Refil d	R$ 176,2	R$ 176,2	1.0		BRL	4	65	https://www.amazon.com.br/dp/B07YSTCTLL	https://m.media-amazon.com/images/I/61iQ5eQ19jL._AC_UL960_FMwebp_QL65_.jpg	14	R$ 165,2	False	False	False	False		Entrega GRÁTIS: ter., 22 de jul	False			
B07YSTCTLL	ADAPTIL Difusor + Refil - ajuda os cães em situações desafiantes como medo de ficar sozinho, fogos de artifício e adaptação a nova casa - Refil d	R$ 176,2	R$ 176,2	1.0		BRL	4	65	https://www.amazon.com.br/dp/B07YSTCTLL	https://m.media-amazon.com/images/I/61iQ5eQ19jL._AC_UL960_FMwebp_QL65_.jpg	14	R$ 165,2	False	False	False	False		Entrega GRÁTIS: ter., 22 de jul	False			
B097W651NJ	FELIWAY® Kit inicial de difusor de feromônios Optimum 30 dias para acalmar gatos, 48 ml – Ajuda a reduzir os sinais comuns de estresse em gatos e gatinhos, melhora a tranquili	R$ 175,0			R$ 199,9	BRL	4	17070	https://www.amazon.com.br/dp/B097W651NJ	https://m.media-amazon.com/images/I/71YbWDjL8-L._AC_UL960_FMwebp_QL65_.jpg	1	R$ 175,0	False	False	False	False	Mais de 50 compras no mês passad	Entrega GRÁTIS: ter., 12 de ago	False			
B0DZTZKYBV	Kit 16un Petisco Super Macio Cães Spin Fit 4 Sabore	R$ 174,9	R$ 10,9	16.0		BRL	5	8	https://www.amazon.com.br/dp/B0DZTZKYBV	https://m.media-amazon.com/images/I/61BPz-3vhPL._AC_UL960_FMwebp_QL65_.jpg	1	R$ 174,9	False	False	False	False		Entrega GRÁTIS: seg., 21 de jul	False			
B0DHYNH7YQ	Bionatural Prime - Frango Cães De Raças Peq. Sênior 7+10,	R$ 172,9				BRL	4.8	6	https://www.amazon.com.br/dp/B0DHYNH7YQ	https://m.media-amazon.com/images/I/418l7sNio-L._AC_UL960_FMwebp_QL65_.jpg	6	R$ 172,9	False	False	False	False			False			
B0DHYNH7YQ	Bionatural Prime - Frango Cães De Raças Peq. Sênior 7+10,	R$ 172,9				BRL	4.8	6	https://www.amazon.com.br/dp/B0DHYNH7YQ	https://m.media-amazon.com/images/I/418l7sNio-L._AC_UL960_FMwebp_QL65_.jpg	6	R$ 172,9	False	False	False	False			False			
B07XWRWFL1	Virbac Allerderm Spot On S.I.S. Hidratação Cutânea para Cães e Gatos 4 mL com 6 pip	R$ 172,7	R$ 7,2	24.0		BRL	4.6	190	https://www.amazon.com.br/dp/B07XWRWFL1	https://m.media-amazon.com/images/I/61nSxBB28nL._AC_UL960_FMwebp_QL65_.jpg	4	R$ 142,2	False	False	False	False	Mais de 50 compras no mês passad	Entrega GRÁTIS: seg., 21 de jul	False			
B07XWRWFL1	Virbac Allerderm Spot On S.I.S. Hidratação Cutânea para Cães e Gatos 4 mL com 6 pip	R$ 172,7	R$ 7,2	24.0		BRL	4.6	190	https://www.amazon.com.br/dp/B07XWRWFL1	https://m.media-amazon.com/images/I/61nSxBB28nL._AC_UL960_FMwebp_QL65_.jpg	4	R$ 142,2	False	False	False	False	Mais de 50 compras no mês passad	Entrega GRÁTIS: seg., 21 de jul	False			
B0F2TR75G9	Ração Golden Fórmula Cachorro Ad Mini Bits Frango/Arroz 15kg + Surpr	R$ 170,9	R$ 170,9	1.0		BRL	5	5	https://www.amazon.com.br/dp/B0F2TR75G9	https://m.media-amazon.com/images/I/51O3VHjFZ3L._AC_UL960_FMwebp_QL65_.jpg	1	R$ 170,9	False	False	False	False		Entrega R$ 100: 31 de jul. - 7 de ago.	False			
B0DJS67L8B	Netpeato Cama para Gatos com 2 Andares Dobrável, 39 * 39 * 38cm, Cinza e Branco, Sisal Natural, Nylon, Linho, Toca para Gatos, Casa de Gat	R$ 169,9	R$ 169,9	1.0		BRL	5	14	https://www.amazon.com.br/dp/B0DJS67L8B	https://m.media-amazon.com/images/I/71HznEzM7tL._AC_UL960_FMwebp_QL65_.jpg	1	R$ 169,9	False	False	False	False	Mais de 40 compras no mês passad	Entrega GRÁTIS: qui., 24 de jul	False			
B0D4FB656P	Viva!Verde Areia Higiênica Grãos Grossos 10	R$ 169,9	R$ 16,9	10.0		BRL	4.7	165	https://www.amazon.com.br/dp/B0D4FB656P	https://m.media-amazon.com/images/I/61XwA8TmjBL._AC_UL960_FMwebp_QL65_.jpg	3	R$ 149,9	False	False	False	False	Mais de 50 compras no mês passad	Entrega R$ 9,66: 7 - 13 de ago.	False			
B0F7J7SPS3	Arranhador Para Gatos Com Casinha Playground (Marrom)	R$ 169,9	R$ 169,9	1.0		BRL	3.6	6	https://www.amazon.com.br/dp/B0F7J7SPS3	https://m.media-amazon.com/images/I/51ycctPvNXL._AC_UL960_FMwebp_QL65_.jpg	1	R$ 169,9	False	False	False	False	Mais de 20 compras no mês passad	Entrega GRÁTIS: 23 - 30 de jul	False			
B0F7J7SPS3	Arranhador Para Gatos Com Casinha Playground (Marrom)	R$ 169,9	R$ 169,9	1.0		BRL	3.6	6	https://www.amazon.com.br/dp/B0F7J7SPS3	https://m.media-amazon.com/images/I/51ycctPvNXL._AC_UL960_FMwebp_QL65_.jpg	1	R$ 169,9	False	False	False	False	Mais de 20 compras no mês passad	Entrega GRÁTIS: 23 - 30 de jul	False			
B0DJ779PQZ	USB Fonte Bebedouro de Água Portátil para Gatos e Cães - Fontes de Água para Pets sem Fio, Bebedouro para Animais de Estimação, Sile	R$ 169,1	R$ 0,2	735.0	R$ 199,0	BRL	4.6	40	https://www.amazon.com.br/dp/B0DJ779PQZ	https://m.media-amazon.com/images/I/61BJufClWwL._AC_UL960_FMwebp_QL65_.jpg	1	R$ 169,1	False	False	True	False	Mais de 50 compras no mês passad		False	Com Prime		
B0DH976KWD	Bionatural Prime - Frango Cães De Raças Peq. Castrados ou Light 10,1	R$ 167,9				BRL	4.4	11	https://www.amazon.com.br/dp/B0DH976KWD	https://m.media-amazon.com/images/I/51j4NpcwtuL._AC_UL960_FMwebp_QL65_.jpg	4	R$ 167,9	False	False	False	False	Mais de 30 compras no mês passad		False			
B07NGRMVZC	Virbac Allermyl Shampoo Limpeza Regular em Cães Alérgicos para Cães 500	R$ 167,7	R$ 18,6	9.0	R$ 186,4	BRL	4.6	1299	https://www.amazon.com.br/dp/B07NGRMVZC	https://m.media-amazon.com/images/I/61kAraOkFmL._AC_UL960_FMwebp_QL65_.jpg	1	R$ 167,7	False	False	True	False	Mais de 300 compras no mês passad		False	Oferta Prime Day		
B07XWQTH6W	Virbac Sebolytic Spherulites Shampoo para Cães com Seborreia 250 m	R$ 164,7	R$ 11,7	14.0	R$ 183,1	BRL	4.7	394	https://www.amazon.com.br/dp/B07XWQTH6W	https://m.media-amazon.com/images/I/61ww7QZr75L._AC_UL960_FMwebp_QL65_.jpg	1	R$ 164,7	False	False	True	False	Mais de 100 compras no mês passad		False	Oferta Prime Day		
B0DX2YT3YK	Caixa de Areia para Gatos com Duas Entradas - Design Moderno e Higiênico Anti-odo	R$ 161,9			R$ 170,9	BRL	4.2	10	https://www.amazon.com.br/dp/B0DX2YT3YK	https://m.media-amazon.com/images/I/617sFsPQspL._AC_UL960_FMwebp_QL65_.jpg	1	R$ 161,9	False	False	False	True	Mais de 30 compras no mês passad	Entrega GRÁTIS: sex., 1 de ago	False			
B07XWRX3F7	Virbac Hexadene Shampoo Spherulites Tratamento Piodermites para Cães e Gatos 500 m	R$ 160,7	R$ 0,3	502.0	R$ 181,9	BRL	4.8	1899	https://www.amazon.com.br/dp/B07XWRX3F7	https://m.media-amazon.com/images/I/61PgWck1eML._AC_UL960_FMwebp_QL65_.jpg	1	R$ 160,7	False	False	True	False	Mais de 700 compras no mês passad		False	Oferta Prime Day		
B0DPXVGWP4	Ração Pedigree Nutrição Essencial Carne Ao Leite Para Cães Adultos	R$ 159,9	R$ 10,6	15.0		BRL	4.9	78	https://www.amazon.com.br/dp/B0DPXVGWP4	https://m.media-amazon.com/images/I/61j7EfN0Q8L._AC_UL960_FMwebp_QL65_.jpg	1	R$ 159,9	False	False	False	False	Mais de 600 compras no mês passad	Entrega GRÁTIS: sáb., 19 de ju	False			
B0C2ZTGWH9	Ração Veterinary Gastrointestinal Fibre Response Para Gatos Adultos 1.5kg Royal Can	R$ 158,9	R$ 158,9	1.0		BRL	4.7	35	https://www.amazon.com.br/dp/B0C2ZTGWH9	https://m.media-amazon.com/images/I/5110A5Eat0L._AC_UL960_FMwebp_QL65_.jpg	4	R$ 157,9	False	False	False	False	Mais de 50 compras no mês passad	Entrega GRÁTIS: seg., 21 de jul	False			
B0D4VXQC9X	Chalesco Arranhador Duas Bases para Gatos	R$ 158,6	R$ 158,6	1.0		BRL	5	6	https://www.amazon.com.br/dp/B0D4VXQC9X	https://m.media-amazon.com/images/I/51rBZ8kPa1L._AC_UL960_FMwebp_QL65_.jpg	1	R$ 158,6	False	False	False	False	Mais de 30 compras no mês passad	Entrega GRÁTIS: dom., 20 de jul	False			
B0CP4DVW59	NexGard Spectra Antipulgas, Carrapatos e Vermífugos para Cães de 3,6 a 7,5kg - 3 tablet	R$ 157,6	R$ 52,5	3.0	R$ 193,3	BRL	4.8	563	https://www.amazon.com.br/dp/B0CP4DVW59	https://m.media-amazon.com/images/I/7107zBvDtcL._AC_UL960_FMwebp_QL65_.jpg	1	R$ 157,6	False	False	True	False	Mais de 900 compras no mês passad		False	Oferta Prime Day		
B0CP4DVW59	NexGard Spectra Antipulgas, Carrapatos e Vermífugos para Cães de 3,6 a 7,5kg - 3 tablet	R$ 157,6	R$ 52,5	3.0	R$ 193,3	BRL	4.8	563	https://www.amazon.com.br/dp/B0CP4DVW59	https://m.media-amazon.com/images/I/7107zBvDtcL._AC_UL960_FMwebp_QL65_.jpg	1	R$ 157,6	False	False	True	False	Mais de 900 compras no mês passad		False	Oferta Prime Day		
B07Y5K7TN1	Vet Life Obesity para Gatos Adultos de Todas as Raças 2K	R$ 155,9	R$ 77,9	2.0		BRL	4.6	57	https://www.amazon.com.br/dp/B07Y5K7TN1	https://m.media-amazon.com/images/I/61sZbhu1RrL._AC_UL960_FMwebp_QL65_.jpg	16	R$ 146,9	False	False	False	False	Mais de 50 compras no mês passad	Entrega GRÁTIS: seg., 21 de jul	False			
B084T6P8P7	Vet Life Gastrointestinal para Gatos Adultos de Todas as Raças 2K	R$ 153,9	R$ 76,9	2.0		BRL	4.8	204	https://www.amazon.com.br/dp/B084T6P8P7	https://m.media-amazon.com/images/I/5145gtbR7nL._AC_UL960_FMwebp_QL65_.jpg	18	R$ 139,9	False	False	False	False	Mais de 200 compras no mês passad	Entrega GRÁTIS: seg., 21 de jul	False			
B0D4F7TJLT	Viva Verde Areia Higiênica Grãos Mistos 10	R$ 152,9	R$ 15,2	10.0	R$ 169,9	BRL	4.8	4041	https://www.amazon.com.br/dp/B0D4F7TJLT	https://m.media-amazon.com/images/I/61fHT4DGegL._AC_UL960_FMwebp_QL65_.jpg	5	R$ 149,7	False	False	False	False	Mais de 300 compras no mês passad	Entrega GRÁTIS: ter., 5 de ago	False			
B0B5M6VNZL	Antipulgas e Carrapatos MSD Bravecto para Cães de 10 a 20 Kg 500m	R$ 152,7				BRL	4.8	428	https://www.amazon.com.br/dp/B0B5M6VNZL	https://m.media-amazon.com/images/I/51Z0BCV+VIL._AC_UL960_FMwebp_QL65_.jpg	1	R$ 152,7	False	False	False	False	Mais de 600 compras no mês passad	Entrega GRÁTIS: sex., 18 de jul	False			
B0DHYN2M89	Bionatural Prime - Salmão Gatos Filhotes 7,5k	R$ 149,9				BRL	5	3	https://www.amazon.com.br/dp/B0DHYN2M89	https://m.media-amazon.com/images/I/51BhzAy3NsL._AC_UL960_FMwebp_QL65_.jpg	4	R$ 149,9	False	False	False	False	Mais de 30 compras no mês passad		False			
B0F9LQNF5V	Portão Expansivo PLUS 99cm a 165 Cm Proteção Pet Cachorro ou Criança 	R$ 149,9				BRL		0	https://www.amazon.com.br/dp/B0F9LQNF5V	https://m.media-amazon.com/images/I/41jMiJNE-5L._AC_UL960_FMwebp_QL65_.jpg	1	R$ 149,9	False	False	False	False		Entrega GRÁTIS: dom., 20 de jul	False			
B0FDCKD1PZ	Capa de Banco para Carro Pet 4 em 1 – Impermeável e Antiderrapante – Protetor de Assento para Cachorros – Resistente e Lavável	R$ 149,9				BRL		0	https://www.amazon.com.br/dp/B0FDCKD1PZ	https://m.media-amazon.com/images/I/61zdaqSjHgL._AC_UL960_FMwebp_QL65_.jpg	1	R$ 149,9	False	False	False	False		Entrega GRÁTIS: sex., 18 de jul	False			
B0FDCKD1PZ	Capa de Banco para Carro Pet 4 em 1 – Impermeável e Antiderrapante – Protetor de Assento para Cachorros – Resistente e Lavável	R$ 149,9				BRL		0	https://www.amazon.com.br/dp/B0FDCKD1PZ	https://m.media-amazon.com/images/I/61zdaqSjHgL._AC_UL960_FMwebp_QL65_.jpg	1	R$ 149,9	False	False	False	False		Entrega GRÁTIS: sex., 18 de jul	False			
B0D43SNKMC	Viva Verde Areia Higiênica Grãos Finos 10	R$ 149,4	R$ 14,9	10.0	R$ 171,9	BRL	4.8	4166	https://www.amazon.com.br/dp/B0D43SNKMC	https://m.media-amazon.com/images/I/61KQwF+3yTL._AC_UL960_FMwebp_QL65_.jpg	1	R$ 149,4	False	True	False	False	Mais de 300 compras no mês passad	Entrega R$ 100: 25 - 31 de jul.	False	Escolha		
B0D81YHTYS	Cama para gato - toca casa casinha caminha (G (40x40x40cm))	R$ 149,0	R$ 149,0	1.0		BRL	4.4	15	https://www.amazon.com.br/dp/B0D81YHTYS	https://m.media-amazon.com/images/I/51u4gPTat5L._AC_UL960_FMwebp_QL65_.jpg	1	R$ 149,0	False	False	False	False	Mais de 30 compras no mês passad	Entrega GRÁTIS: 31 de jul. - 8 de ago	False			
B0CGSLVTLW	Rampa Pet Cachorro Antiderrapante Ajustável Regulável So	R$ 149,0	R$ 149,0	1.0		BRL	4.5	92	https://www.amazon.com.br/dp/B0CGSLVTLW	https://m.media-amazon.com/images/I/61+blqDO+aL._AC_UL960_FMwebp_QL65_.jpg	1	R$ 149,0	False	False	False	True	Mais de 100 compras no mês passad	Entrega GRÁTIS: sex., 1 de ago	False			
B0BHXC3DZQ	Kit com 3 Katbom Natural 6kg	R$ 148,9	R$ 49,6	3.0	R$ 201,5	BRL	4.8	77	https://www.amazon.com.br/dp/B0BHXC3DZQ	https://m.media-amazon.com/images/I/61dtxAl4-rL._AC_UL960_FMwebp_QL65_.jpg	1	R$ 148,9	False	False	False	False	Mais de 50 compras no mês passad	Entrega GRÁTIS: ter., 5 de ago	False	Economize 26%		
B0CSPKFRXH	KIT 16 Unidades Petisco p Spin Fit 4 Sabores	R$ 148,9	R$ 148,9	1.0		BRL	4.4	9	https://www.amazon.com.br/dp/B0CSPKFRXH	https://m.media-amazon.com/images/I/61GDP34HprL._AC_UL960_FMwebp_QL65_.jpg	1	R$ 148,9	False	False	False	False	Mais de 20 compras no mês passad	Entrega GRÁTIS: seg., 21 de jul	False			
B0CSPKFRXH	KIT 16 Unidades Petisco p Spin Fit 4 Sabores	R$ 148,9	R$ 148,9	1.0		BRL	4.4	9	https://www.amazon.com.br/dp/B0CSPKFRXH	https://m.media-amazon.com/images/I/61GDP34HprL._AC_UL960_FMwebp_QL65_.jpg	1	R$ 148,9	False	False	False	False	Mais de 20 compras no mês passad	Entrega GRÁTIS: seg., 21 de jul	False			
B0DYLB1753	Ninho de dormir de pelúcia para animais de estimação, cama macia, cama para gatos e cachorr	R$ 148,8	R$ 148,8	1.0		BRL	3.8	4	https://www.amazon.com.br/dp/B0DYLB1753	https://m.media-amazon.com/images/I/61sHsTJ5mDL._AC_UL960_FMwebp_QL65_.jpg	1	R$ 148,8	False	False	False	False		Entrega GRÁTIS: ter., 29 de jul	False			
B07XWR1DTG	Virbac Condicionador Episoothe Tratamento Peles Sensíveis e Irritadas para Cães e Gatos 250	R$ 147,9	R$ 10,5	14.0		BRL	4.6	206	https://www.amazon.com.br/dp/B07XWR1DTG	https://m.media-amazon.com/images/I/51fE8JmsRUL._AC_UL960_FMwebp_QL65_.jpg	6	R$ 139,9	False	True	False	False	Mais de 50 compras no mês passad	Entrega GRÁTIS: dom., 20 de jul	False	Escolha		
B07M6KHQKT	NexGard Antipulgas e Carrapatos para Cães de 4,1 a 10kg 3 tablete	R$ 145,9	R$ 48,6	3.0	R$ 174,6	BRL	4.8	6361	https://www.amazon.com.br/dp/B07M6KHQKT	https://m.media-amazon.com/images/I/71Ftegwk5zL._AC_UL960_FMwebp_QL65_.jpg	1	R$ 145,9	False	False	True	False	Mais de 1 mil compras no mês passad		False	Oferta Prime Day		
B0DK4ZNFFD	Smiry Cobertor impermeável para cães, cobertor macio para cães, lavável, reversível, protetor de móveis para sofá (76 x 133 cm, camelo/bege) OEKO-TEX STAND	R$ 143,8				BRL	4.4	713	https://www.amazon.com.br/dp/B0DK4ZNFFD	https://m.media-amazon.com/images/I/81dltoheZ3L._AC_UL960_FMwebp_QL65_.jpg	1	R$ 143,8	False	False	False	True		Entrega R$ 8,90: sex., 8 de ago.	False		Xadrez	
B0DFGFGMZ9	Bebedouro Fonte Água 3L Filtro Silenciosa Inox Para Gatos Cães Filtragem Automática, Fonte de água para Gatos-Janela de nível de água,	R$ 143,6	R$ 0,1	798.0	R$ 179,0	BRL	4.7	275	https://www.amazon.com.br/dp/B0DFGFGMZ9	https://m.media-amazon.com/images/I/71NE0pmMUrL._AC_UL960_FMwebp_QL65_.jpg	1	R$ 143,6	False	False	True	False	Mais de 200 compras no mês passad		False	Com Prime		
B0CGSWGDMQ	Cercadinho Bebê Infantil Chiqueirinho Criança Menino Menina Cercadinho com Gra	R$ 142,9			R$ 168,9	BRL	4.3	246	https://www.amazon.com.br/dp/B0CGSWGDMQ	https://m.media-amazon.com/images/I/71QKljQqVqL._AC_UL960_FMwebp_QL65_.jpg	1	R$ 142,9	False	False	True	True	Mais de 50 compras no mês passad		True	Oferta Prime Day		
B09WKM8TXL	Suplemento Vitamínico Para Cães e Gatos Nutri Same 100 - 30 Comprimid	R$ 142,3				BRL	4	6	https://www.amazon.com.br/dp/B09WKM8TXL	https://m.media-amazon.com/images/I/51H+GbSHvTL._AC_UL960_FMwebp_QL65_.jpg	3	R$ 110,2	False	False	False	False	Mais de 50 compras no mês passad	Entrega GRÁTIS: dom., 20 de jul	False			
B0BFRXF6SC	Elanco Credeli Antipulgas e anticarrapatos para cães de 11kg a 22kg 450mg - 3 comprimido	R$ 141,5	R$ 47,1	3.0	R$ 153,0	BRL	4.8	157	https://www.amazon.com.br/dp/B0BFRXF6SC	https://m.media-amazon.com/images/I/51CTx674VnL._AC_UL960_FMwebp_QL65_.jpg	23	R$ 111,0	False	False	False	False	Mais de 200 compras no mês passad	Entrega GRÁTIS: seg., 21 de jul	False			
B0BFRXF6SC	Elanco Credeli Antipulgas e anticarrapatos para cães de 11kg a 22kg 450mg - 3 comprimido	R$ 141,5	R$ 47,1	3.0	R$ 153,0	BRL	4.8	157	https://www.amazon.com.br/dp/B0BFRXF6SC	https://m.media-amazon.com/images/I/51CTx674VnL._AC_UL960_FMwebp_QL65_.jpg	23	R$ 111,0	False	False	False	False	Mais de 200 compras no mês passad	Entrega GRÁTIS: seg., 21 de jul	False			
B0CY9QWSLC	Caminha Tenda Luxo Cabana Casinha para gatos Toca Cama Para Gatos Iglu Tenda 40cm (Cinza - Gatinho)	R$ 139,9	R$ 139,9	1.0		BRL	3.8	6	https://www.amazon.com.br/dp/B0CY9QWSLC	https://m.media-amazon.com/images/I/61ixCtVjGGL._AC_UL960_FMwebp_QL65_.jpg	1	R$ 139,9	False	False	False	False		Entrega GRÁTIS: dom., 20 de jul	False			
B0DSLYKHX9	Bolsa Pet Transporte Viagem Mala Avião Cães Gatos Luxo Grande (Cinza escur	R$ 139,9	R$ 139,9	1.0	R$ 149,9	BRL	4.8	13	https://www.amazon.com.br/dp/B0DSLYKHX9	https://m.media-amazon.com/images/I/71BBw7QddOL._AC_UL960_FMwebp_QL65_.jpg	1	R$ 139,9	False	False	False	False	Mais de 20 compras no mês passad	Entrega R$ 94,22: 21 - 31 de jul.	False			
B084T6HGBR	Anticoprofágico Paraquenos Acoprofagia para Cães - 6	R$ 139,9	R$ 0,7	179.0		BRL	3.8	78	https://www.amazon.com.br/dp/B084T6HGBR	https://m.media-amazon.com/images/I/51gj+r4q9wL._AC_UL960_FMwebp_QL65_.jpg	1	R$ 139,9	False	False	False	False		Entrega GRÁTIS: dom., 20 de jul	False			
B0DP3KY94L	Carpete Arranhador Adesivo Protetor (Bege, 50cm x 2 Metros)	R$ 139,9				BRL	4.1	95	https://www.amazon.com.br/dp/B0DP3KY94L	https://m.media-amazon.com/images/I/71ooeA5wmiL._AC_UL960_FMwebp_QL65_.jpg	1	R$ 139,9	False	False	False	False			False			
B0BWXX8YMN	Capa Protetora Carro Pet Impermeável, Antiderrapante, Resistente ao Desgaste, Grande Capacidade 4 em 1 capa de Banco Traseiro de Carro para Cachorro Cachorro Gato Cor:laranj	R$ 138,0			R$ 146,9	BRL	4.6	691	https://www.amazon.com.br/dp/B0BWXX8YMN	https://m.media-amazon.com/images/I/61ky5I2cHsL._AC_UL960_FMwebp_QL65_.jpg	8	R$ 135,0	False	False	False	False	Mais de 200 compras no mês passad	Entrega GRÁTIS: sex., 18 de jul	False			
B0C8BYRM2J	Ração Veterinary Renal Small Dog 2kg Royal Can	R$ 138,0	R$ 138,0	1.0	R$ 149,0	BRL	5	16	https://www.amazon.com.br/dp/B0C8BYRM2J	https://m.media-amazon.com/images/I/51ARA0GWilL._AC_UL960_FMwebp_QL65_.jpg	1	R$ 138,0	False	False	False	False	Mais de 40 compras no mês passad	Entrega GRÁTIS: ter., 22 de jul	False			
B0C861V7N7	VETNIL SKIN CARE DEFENSE 250ML	R$ 136,1	R$ 0,5	252.0		BRL	4.5	57	https://www.amazon.com.br/dp/B0C861V7N7	https://m.media-amazon.com/images/I/41Hec2GbKOL._AC_UL960_FMwebp_QL65_.jpg	1	R$ 136,1	False	False	False	False		Entrega R$ 3,72: qua., 30 de jul.Ou entrega mais rápida: 17 - 21 de jul	False			
B0C4FD27SR	Capa Protetora Carro Pet Impermeável, Antiderrapante, Resistente ao Desgaste, Grande Capacidade 4 em 1 capa de Banco Traseiro de Carro para Cachorro Cachorro Verd	R$ 136,0			R$ 146,0	BRL	4.8	719	https://www.amazon.com.br/dp/B0C4FD27SR	https://m.media-amazon.com/images/I/61ZyzxcftSL._AC_UL960_FMwebp_QL65_.jpg	10	R$ 110,0	False	True	False	False	Mais de 100 compras no mês passad	Entrega GRÁTIS: sex., 18 de jul	False	Escolha		
B0C4FD27SR	Capa Protetora Carro Pet Impermeável, Antiderrapante, Resistente ao Desgaste, Grande Capacidade 4 em 1 capa de Banco Traseiro de Carro para Cachorro Cachorro Verd	R$ 136,0			R$ 146,0	BRL	4.8	719	https://www.amazon.com.br/dp/B0C4FD27SR	https://m.media-amazon.com/images/I/61ZyzxcftSL._AC_UL960_FMwebp_QL65_.jpg	10	R$ 110,0	False	False	False	False	Mais de 100 compras no mês passad	Entrega GRÁTIS: sex., 18 de jul	False			
B0F3WQ864D	jenico Cabo de amarração para cães: guias de cachorro de 6 m para uso pesado - coleira de corrente refletiva para cães pequenos e grandes de até 56 kg, acampamento ao ar 	R$ 135,4	R$ 6,7	20.0		BRL	5	3	https://www.amazon.com.br/dp/B0F3WQ864D	https://m.media-amazon.com/images/I/81-FdYCPulL._AC_UL960_FMwebp_QL65_.jpg	1	R$ 135,4	False	False	False	False		Entrega R$ 8,90: sex., 8 de ago.	False			
B0DTLQD67Z	Fórmula Natural Vet Care Gastro Baixa Ração Seca Para Cães Adultos	R$ 134,1	R$ 134,1	1.0		BRL	4	1	https://www.amazon.com.br/dp/B0DTLQD67Z	https://m.media-amazon.com/images/I/71QotHBenML._AC_UL960_FMwebp_QL65_.jpg	6	R$ 129,9	False	False	False	False		Entrega GRÁTIS: seg., 21 de jul	False			
B0DSGF7JZS	Cama Pet Confortável Xg Extra Grande 100% Algodão com Mordedor de Pelúcia (Triângulo Amar	R$ 133,9	R$ 66,9	2.0		BRL		0	https://www.amazon.com.br/dp/B0DSGF7JZS	https://m.media-amazon.com/images/I/61VZNrYEE5L._AC_UL960_FMwebp_QL65_.jpg	1	R$ 133,9	False	False	False	False		Entrega GRÁTIS: sex., 1 de ago	False			
B00R03WJ1I	Lencinhos Angels Eyes Tira Mancha de Lagrimas - Cães 100 Unidade	R$ 133,8	R$ 1,3	100.0		BRL	4.1	22363	https://www.amazon.com.br/dp/B00R03WJ1I	https://m.media-amazon.com/images/I/71fBHB9U-kL._AC_UL960_FMwebp_QL65_.jpg	1	R$ 133,8	False	False	False	False		Entrega R$ 8,90: sex., 8 de ago.	False			
B0BN6JS9VJ	Ração Pedigree Nutrição Essencial Carne Ao Leite Para Cães Adultos 10.1 kg (LEVE 10.1kg PAGUE	R$ 130,1	R$ 12,8	10.0		BRL	4.8	37	https://www.amazon.com.br/dp/B0BN6JS9VJ	https://m.media-amazon.com/images/I/716sdkdKhqL._AC_UL960_FMwebp_QL65_.jpg	1	R$ 130,1	False	False	False	False		Entrega GRÁTIS: qui., 31 de jul	False			
B0D3WRCZWD	10 KIT FLUIDOTERAPIA RINGER LACTATO JP 250 ML COM EQUIPO E AGULHA 40X12 UNIPET	R$ 129,9	R$ 13,0	10.0		BRL	4.3	8	https://www.amazon.com.br/dp/B0D3WRCZWD	https://m.media-amazon.com/images/I/51fbZmA2kRL._AC_UL960_FMwebp_QL65_.jpg	1	R$ 129,9	False	False	False	False		Entrega GRÁTIS: qui., 31 de jul	False			
B0D3WRCZWD	10 KIT FLUIDOTERAPIA RINGER LACTATO JP 250 ML COM EQUIPO E AGULHA 40X12 UNIPET	R$ 129,9	R$ 13,0	10.0		BRL	4.3	8	https://www.amazon.com.br/dp/B0D3WRCZWD	https://m.media-amazon.com/images/I/51fbZmA2kRL._AC_UL960_FMwebp_QL65_.jpg	1	R$ 129,9	False	False	False	False		Entrega GRÁTIS: qui., 31 de jul	False			
B0DGGZPLBN	Casinha para Cães e Gatos Cercado Pet Portátil e Dobrável para Cães e Gatos com Tecido Impermeável de Fácil Montagem e Transporte Premium 	R$ 129,9	R$ 129,9	1.0		BRL	4.7	71	https://www.amazon.com.br/dp/B0DGGZPLBN	https://m.media-amazon.com/images/I/61cvbCR9-XL._AC_UL960_FMwebp_QL65_.jpg	1	R$ 129,9	False	False	False	False		Entrega GRÁTIS: sex., 18 de jul	False			
B0D3WJXBSP	10 RINGER LACTATO 250 JP + EQUIPO E AGULHA UNIPET	R$ 129,0	R$ 12,9	10.0		BRL	4.8	32	https://www.amazon.com.br/dp/B0D3WJXBSP	https://m.media-amazon.com/images/I/616viWoSayL._AC_UL960_FMwebp_QL65_.jpg	1	R$ 129,0	False	False	False	False	Mais de 30 compras no mês passad	Entrega GRÁTIS: qui., 31 de jul	False			
B0CYT2G2VT	Filtros de reposição para bebedouros de cães e gatos, alimentadores de aço inoxidável para bebedouros de animais de estimação Filtro de carvão ativado substitu	R$ 129,0				BRL	4.8	45	https://www.amazon.com.br/dp/B0CYT2G2VT	https://m.media-amazon.com/images/I/71ED47QK1fL._AC_UL960_FMwebp_QL65_.jpg	1	R$ 129,0	False	False	False	False	Mais de 50 compras no mês passad	Entrega GRÁTIS: seg., 21 de jul	False			
B0DPHPG8YT	Cercadinho para Cachorros, Cercadinho Pet, Cercado Pet, Casinha para Cães e Gatos, Portátil e Dobrável, Tecido Impermeável Fácil de Montar e Transportar (	R$ 129,0	R$ 129,0	1.0		BRL	4.7	14	https://www.amazon.com.br/dp/B0DPHPG8YT	https://m.media-amazon.com/images/I/81oCwDuPuTL._AC_UL960_FMwebp_QL65_.jpg	3	R$ 97,9	False	False	False	False		Entrega GRÁTIS: sex., 18 de jul	False			
B07XLYNXD2	Virbac Easotic Tratamento Otológico para Cães 10 	R$ 127,9	R$ 10,6	12.0	R$ 142,3	BRL	4.8	1829	https://www.amazon.com.br/dp/B07XLYNXD2	https://m.media-amazon.com/images/I/71LK1JSl9EL._AC_UL960_FMwebp_QL65_.jpg	1	R$ 127,9	False	False	True	False	Mais de 700 compras no mês passad		False	Oferta Prime Day		
B0D8449W57	BANNI 3 para gatos 2,6 a 7,5kg c/ 3 pipetas	R$ 124,9	R$ 5,2	24.0		BRL	4.7	190	https://www.amazon.com.br/dp/B0D8449W57	https://m.media-amazon.com/images/I/61eI9SGct+L._AC_UL960_FMwebp_QL65_.jpg	1	R$ 124,9	False	False	False	False	Mais de 300 compras no mês passad	Entrega GRÁTIS: sex., 18 de jul	False			
B07Y2C8SZL	Ceva - Refil Feliway Classic - 48ml	R$ 124,7	R$ 124,7	1.0		BRL	4.6	586	https://www.amazon.com.br/dp/B07Y2C8SZL	https://m.media-amazon.com/images/I/51J5Bhddz7L._AC_UL960_FMwebp_QL65_.jpg	40	R$ 112,7	False	False	False	False	Mais de 400 compras no mês passad	Entrega GRÁTIS: ter., 22 de jul	False			
B0843W869Y	Ceva - Cardalis 5mg/40mg para Cães de 11 a 20kg - 30 Comprimido	R$ 124,4	R$ 124,4	1.0		BRL	4.6	42	https://www.amazon.com.br/dp/B0843W869Y	https://m.media-amazon.com/images/I/41UgyylkhpL._AC_UL960_FMwebp_QL65_.jpg	8	R$ 119,9	False	False	False	False		Entrega GRÁTIS: dom., 20 de jul	False			
B082T42VH3	Virbac C.E.T. Kit Saúde Oral Limpeza e Manutenção da Higiene Oral para Cães e Gatos (pasta + escova + necessa	R$ 123,5	R$ 6,1	20.0	R$ 139,8	BRL	4.8	2252	https://www.amazon.com.br/dp/B082T42VH3	https://m.media-amazon.com/images/I/71v1d9BI+eL._AC_UL960_FMwebp_QL65_.jpg	1	R$ 123,5	False	False	True	False	Mais de 1 mil compras no mês passad		False	Oferta Prime Day	Pet	
B07VM9XZVT	Coleira Seresto® anti-carrapatos e pulgas para cães e gatos de até 	R$ 123,1	R$ 123,1	1.0	R$ 147,5	BRL	4.7	5862	https://www.amazon.com.br/dp/B07VM9XZVT	https://m.media-amazon.com/images/I/51H-nDqYpaL._AC_UL960_FMwebp_QL65_.jpg	1	R$ 123,1	False	False	True	False	Mais de 2 mil compras no mês passad		False	Com Prime		
B07YSTPRBD	Solução Otológica Cepav Otoguard para Cães - 	R$ 119,9				BRL	4.7	276	https://www.amazon.com.br/dp/B07YSTPRBD	https://m.media-amazon.com/images/I/51kc3eWnBQL._AC_UL960_FMwebp_QL65_.jpg	18	R$ 98,3	False	False	False	False	Mais de 50 compras no mês passad	Entrega GRÁTIS: ter., 29 de jul	False			
B09YS8MBMX	Coleira Adestramento Recarregável Anti Latido Diversas Cores (Preta	R$ 119,0	R$ 119,0	1.0		BRL	4.2	80	https://www.amazon.com.br/dp/B09YS8MBMX	https://m.media-amazon.com/images/I/51+IcGtQF4L._AC_UL960_FMwebp_QL65_.jpg	1	R$ 119,0	False	False	False	False	Mais de 40 compras no mês passad	Entrega GRÁTIS: seg., 21 de jul	False			
B0F2QRWWY4	Escova Removedora de Pelos a Vapor Para Pets PetSpray Versão Atualizada Autolimpante Para Cães e Gat	R$ 118,8	R$ 118,8	1.0	R$ 132,0	BRL	5	2	https://www.amazon.com.br/dp/B0F2QRWWY4	https://m.media-amazon.com/images/I/711GmtqUxlL._AC_UL960_FMwebp_QL65_.jpg	1	R$ 118,8	False	False	False	False	Mais de 30 compras no mês passad	Entrega R$ 12: 25 - 31 de jul.	False	Oferta		
B09BBQ3ZN3	Kit 3 Dissol Suplemento Natural Para Cálculos 150ml Da Rai	R$ 118,8	R$ 118,8	1.0		BRL	4.5	45	https://www.amazon.com.br/dp/B09BBQ3ZN3	https://m.media-amazon.com/images/I/81vRKtD1Z2L._AC_UL960_FMwebp_QL65_.jpg	2	R$ 114,0	False	False	False	False		Entrega GRÁTIS: dom., 20 de jul	False		Líquid	
B0DYL7F6GD	Cama quadrada Pet, animais de medio e grande porte, pratica e confortavel. TAM. M	R$ 117,6	R$ 117,6	1.0		BRL	5	1	https://www.amazon.com.br/dp/B0DYL7F6GD	https://m.media-amazon.com/images/I/71aOCW8wykL._AC_UL960_FMwebp_QL65_.jpg	1	R$ 117,6	False	False	False	False		Entrega GRÁTIS: qui., 31 de jul	False			
B0CGMJYD2L	Grade Portão Proteção Pet Cachorro 89 A 94 Cm Criança 	R$ 116,9			R$ 129,9	BRL	4.3	381	https://www.amazon.com.br/dp/B0CGMJYD2L	https://m.media-amazon.com/images/I/517XFp0eB2L._AC_UL960_FMwebp_QL65_.jpg	1	R$ 116,9	False	False	False	False	Mais de 200 compras no mês passad	Entrega GRÁTIS: dom., 20 de jul	False	Oferta		
B0DXSTFXJ5	CAMINHA DONUT NUVEM PET PELUCIA G REDONDA CAMA PELUCIADA NINHO CASINHA CASA COLCHONETE Cachorros E Gatos NUVEM FUNDO ANTIDERRAPANTE IMPERMEAVEL QUALIDADE PREMIUM 60CM (CINZA)	R$ 116,9	R$ 116,9	1.0		BRL	5	7	https://www.amazon.com.br/dp/B0DXSTFXJ5	https://m.media-amazon.com/images/I/61S5fnkHJxL._AC_UL960_FMwebp_QL65_.jpg	1	R$ 116,9	False	False	False	False		Entrega GRÁTIS: 23 - 30 de jul	False			
B0F8SNMV2N	Bomba Submersa PL-204 para Aquários, Fontes e Lagos – Vazão 2000 L/H, Silenciosa, Econômica, Ideal para Uso Contínuo, Eleva Até 2m, Compacta e Potente	R$ 115,9				BRL	5	2	https://www.amazon.com.br/dp/B0F8SNMV2N	https://m.media-amazon.com/images/I/51D3VCrDgJL._AC_UL960_FMwebp_QL65_.jpg	1	R$ 115,9	False	False	False	False		Entrega GRÁTIS: seg., 21 de jul	False			
B09HR13QB6	Spray Hidratante Oat Care Avert – 200	R$ 114,9	R$ 574,5	0.0		BRL	4.8	164	https://www.amazon.com.br/dp/B09HR13QB6	https://m.media-amazon.com/images/I/41puamhrY0L._AC_UL960_FMwebp_QL65_.jpg	14	R$ 112,6	False	False	False	False	Mais de 40 compras no mês passad	Entrega GRÁTIS: seg., 21 de jul	False			
B0F26TVSB4	Combo 4 Probiotico Pet Avert 14g Para Cães e Gatos Ki	R$ 109,9	R$ 109,9	1.0	R$ 117,9	BRL	5	5	https://www.amazon.com.br/dp/B0F26TVSB4	https://m.media-amazon.com/images/I/51niA0LFOrL._AC_UL960_FMwebp_QL65_.jpg	1	R$ 109,9	False	False	False	False		Entrega GRÁTIS: seg., 21 de jul	False	Economize 6%		
B07NGQ23NN	Fortekor Flavour 5mg Elanco	R$ 109,2	R$ 109,2	1.0		BRL	4.8	556	https://www.amazon.com.br/dp/B07NGQ23NN	https://m.media-amazon.com/images/I/5164KV7EuDL._AC_UL960_FMwebp_QL65_.jpg	11	R$ 92,2	False	False	False	False	Mais de 100 compras no mês passad	Entrega GRÁTIS: ter., 5 de ago	False			
B0C5GBX2GK	Pancrezyme 60 Cápsulas 280mg Para Cães e Gatos Inov	R$ 106,9				BRL	5	9	https://www.amazon.com.br/dp/B0C5GBX2GK	https://m.media-amazon.com/images/I/51KGE5YAalL._AC_UL960_FMwebp_QL65_.jpg	1	R$ 106,9	False	False	False	False		Entrega GRÁTIS: 21 - 22 de jul	False			
B0F9GK1QGV	Comedouro Duplo Elevado para Cães e Gatos, Tigelas em Aluminio (Médi	R$ 105,6	R$ 105,6	1.0		BRL	5	5	https://www.amazon.com.br/dp/B0F9GK1QGV	https://m.media-amazon.com/images/I/51BD5Qcl3hL._AC_UL960_FMwebp_QL65_.jpg	1	R$ 105,6	False	False	False	False		Entrega GRÁTIS: qui., 31 de jul	False			
B0BMLX7TS1	Suplemento Pet Protein em Pó Para Cães e Gatos Avert – 	R$ 104,9	R$ 104,9	1.0		BRL	4.4	50	https://www.amazon.com.br/dp/B0BMLX7TS1	https://m.media-amazon.com/images/I/51jItEGeJIL._AC_UL960_FMwebp_QL65_.jpg	1	R$ 104,9	False	False	False	False	Mais de 40 compras no mês passad	Entrega GRÁTIS: ter., 22 de jul	False			
B0FGXZJ6W7	Zerodeko Recipiente Hermético para Armazenamento de Comida de Cachorro: Recipiente de Metal para Petiscos de Cachorro Com Tampas - Pote Preto para Petiscos de Animais de Estimação para Bancadas	R$ 104,5				BRL		0	https://www.amazon.com.br/dp/B0FGXZJ6W7	https://m.media-amazon.com/images/I/6189FKcXIiL._AC_UL960_FMwebp_QL65_.jpg	1	R$ 104,5	False	False	False	False		Entrega R$ 60: 31 de jul. - 8 de ago.	False			
B07WRS2BQ5	Chalesco Tapete Higiênico Premium 50 Unidades 90 x 60 c	R$ 101,9	R$ 2,0	50.0	R$ 120,0	BRL	4.6	4235	https://www.amazon.com.br/dp/B07WRS2BQ5	https://m.media-amazon.com/images/I/71jHkfQe5EL._AC_UL960_FMwebp_QL65_.jpg	1	R$ 101,9	False	False	True	False	Mais de 5 mil compras no mês passad		False	Oferta Prime Day		
