asin,product_title,product_price,unit_price,unit_count,product_original_price,currency,product_star_rating,product_num_ratings,product_url,product_photo,product_num_offers,product_minimum_offer_price,is_best_seller,is_amazon_choice,is_prime,climate_pledge_friendly,sales_volume,delivery,has_variations,product_badge
B0C95BV8BP,Ração Veterinary Hepatic para Gatos Adultos com Insuficiência Hepática Crônica 1.5kg Royal Canin,"R$ 149,00","R$ 149,00",1.0,"R$ 158,80",BRL,5,28,https://www.amazon.com.br/dp/B0C95BV8BP,https://m.media-amazon.com/images/I/51jbwQFA04L._AC_UL960_FMwebp_QL65_.jpg,14,"R$ 147,50",False,False,False,False,Mais de 20 compras no mês passado,"Entrega GRÁTIS: ter., 22 de jul.",False,
B0051H45GC,The Company of Animals Focinheira Baskerville Preta Tamanho 5,"R$ 213,93","R$ 213,93",1.0,,BRL,4.8,42781,https://www.amazon.com.br/dp/B0051H45GC,https://m.media-amazon.com/images/I/81CeKGzSx0L._AC_UL960_FMwebp_QL65_.jpg,9,"R$ 187,00",False,False,False,False,Mais de 20 compras no mês passado,"Entrega GRÁTIS: qua., 16 de jul.",False,
B0CY9QWSLC,Caminha Tenda Luxo Cabana Casinha para gatos Toca Cama Para Gatos Iglu Tenda 40cm (Cinza - Gatinho),"R$ 139,99","R$ 139,99",1.0,,BRL,3.8,6,https://www.amazon.com.br/dp/B0CY9QWSLC,https://m.media-amazon.com/images/I/61ixCtVjGGL._AC_UL960_FMwebp_QL65_.jpg,1,"R$ 139,99",False,False,False,False,,"Entrega GRÁTIS: dom., 20 de jul.",False,
B08BG733QG,Virbac Cyclavance Tratamento de Dermatites Atópicas para Cães 15 mL,"R$ 244,99",,,"R$ 288,90",BRL,4.7,500,https://www.amazon.com.br/dp/B08BG733QG,https://m.media-amazon.com/images/I/719X4Tn5f-L._AC_UL960_FMwebp_QL65_.jpg,10,"R$ 263,00",False,False,False,False,Mais de 300 compras no mês passado,"Entrega GRÁTIS: ter., 15 de jul.",False,
B08LDS5T4G,"Feliway Refil ideal, a melhor solução para aliviar a ansiedade do gato, conflito e estresse em casa","R$ 162,38","R$ 3.389,33",,"R$ 174,40",BRL,4.5,2939,https://www.amazon.com.br/dp/B08LDS5T4G,https://m.media-amazon.com/images/I/81bxgsaKwIL._AC_UL960_FMwebp_QL65_.jpg,13,"R$ 154,90",False,False,False,False,Mais de 100 compras no mês passado,"Entrega GRÁTIS: qua., 16 de jul.",False,
B0C17SKDXW,Viveiro Gaiola Calopsita Epóxi Agapornis Aves com Ninho Criadeira Acessórios Vivo Pet (Verde),"R$ 139,00","R$ 6,95",20.0,,BRL,5,5,https://www.amazon.com.br/dp/B0C17SKDXW,https://m.media-amazon.com/images/I/61BAfxv2g8L._AC_UL960_FMwebp_QL65_.jpg,1,"R$ 139,00",False,False,False,False,,"Entrega GRÁTIS: qui., 31 de jul.",False,
B07Y2DHKPJ,Vetoquinol Suplemento Vitamínico Flexadin Advanced Para Cães 30 Tb,"R$ 125,00","R$ 125,00",1.0,,BRL,4.8,176,https://www.amazon.com.br/dp/B07Y2DHKPJ,https://m.media-amazon.com/images/I/61ia5wfDXxL._AC_UL960_FMwebp_QL65_.jpg,1,"R$ 125,00",False,False,False,False,Mais de 50 compras no mês passado,"Entrega GRÁTIS: qua., 16 de jul.",False,
B0D4VXQC9X,Chalesco Arranhador Duas Bases para Gatos,"R$ 160,95","R$ 160,95",1.0,,BRL,5,7,https://www.amazon.com.br/dp/B0D4VXQC9X,https://m.media-amazon.com/images/I/51rBZ8kPa1L._AC_UL960_FMwebp_QL65_.jpg,1,"R$ 160,95",False,False,False,False,Mais de 30 compras no mês passado,"Entrega GRÁTIS: dom., 20 de jul.",False,
B07Y2D3NNH,"Suplemento Avert Condroplex LB 120g - 60 Comprimidos Ave, Multicor","R$ 115,88","R$ 115,88",1.0,,BRL,4.8,606,https://www.amazon.com.br/dp/B07Y2D3NNH,https://m.media-amazon.com/images/I/51DP6qWs6RL._AC_UL960_FMwebp_QL65_.jpg,27,"R$ 104,28",False,False,False,False,Mais de 600 compras no mês passado,"Entrega GRÁTIS: Amanhã, 14 de jul.Ou entrega mais rápida: Hoje",False,
B07XWSHXDR,Virbac Humilac Hidratação Cutânea para Cães e Gatos 250 mL,"R$ 149,80","R$ 12,48",12.0,,BRL,4.4,230,https://www.amazon.com.br/dp/B07XWSHXDR,https://m.media-amazon.com/images/I/51prLqWec1L._AC_UL960_FMwebp_QL65_.jpg,10,"R$ 144,99",False,False,False,False,Mais de 50 compras no mês passado,"Entrega GRÁTIS: ter., 15 de jul.",False,
B07Y8MQZP4,Pet Products Suplemento Vitamínico Nutripharme Nutricart 1000-60 Comprimidos,"R$ 134,32","R$ 134,32",1.0,,BRL,4.9,52,https://www.amazon.com.br/dp/B07Y8MQZP4,https://m.media-amazon.com/images/I/517smOfUjIL._AC_UL960_FMwebp_QL65_.jpg,1,"R$ 134,32",False,False,False,False,Mais de 30 compras no mês passado,"Entrega GRÁTIS: Amanhã, 14 de jul.Ou entrega mais rápida: Hoje",False,
B0BRD62HSF,Máquina de Tosar Tosquiadeira Ovelha Ovino Carneiro 220v 1000w,"R$ 329,99",,,,BRL,4.6,2,https://www.amazon.com.br/dp/B0BRD62HSF,https://m.media-amazon.com/images/I/51v72mM+6uL._AC_UL960_FMwebp_QL65_.jpg,1,"R$ 329,99",False,False,False,False,,"Entrega GRÁTIS: qua., 16 de jul.",False,
B0F2QRWWY4,Escova Removedora de Pelos a Vapor Para Pets PetSpray Versão Atualizada Autolimpante Para Cães e Gatos,"R$ 118,84","R$ 118,84",1.0,"R$ 132,05",BRL,5,2,https://www.amazon.com.br/dp/B0F2QRWWY4,https://m.media-amazon.com/images/I/711GmtqUxlL._AC_UL960_FMwebp_QL65_.jpg,1,"R$ 118,84",False,False,False,False,Mais de 30 compras no mês passado,Entrega R$ 12: 25 - 31 de jul.,False,Oferta
B0CL54XLL1,"N&amp;D Tropical para Cães Adultos de Raças Médias e Grandes Sabor Frango, Cereais e Frutas Tropicais 12Kg","R$ 298,70","R$ 24,89",12.0,,BRL,4.3,24,https://www.amazon.com.br/dp/B0CL54XLL1,https://m.media-amazon.com/images/I/71SqU2IJbuL._AC_UL960_FMwebp_QL65_.jpg,3,"R$ 258,90",False,False,False,False,,"Entrega GRÁTIS: dom., 20 de jul.",False,
B09V3F97FQ,Antioxidante Gerioox Geriátrico Labyes 30 Comprimidos,"R$ 184,90","R$ 6,16",30.0,"R$ 220,65",BRL,4.8,80,https://www.amazon.com.br/dp/B09V3F97FQ,https://m.media-amazon.com/images/I/51ynSo-hVPL._AC_UL960_FMwebp_QL65_.jpg,1,"R$ 184,90",False,False,False,False,Mais de 50 compras no mês passado,"Entrega R$ 2,43: qua., 30 de jul.Ou entrega mais rápida: 17 - 21 de jul.",False,
B0F8HMWNHN,Escada para Pet Nuvem - Rampa e Hierarquia para Cachorros(Capuccino),"R$ 155,99",,,,BRL,5,1,https://www.amazon.com.br/dp/B0F8HMWNHN,https://m.media-amazon.com/images/I/31PsOY8ld+L._AC_UL960_FMwebp_QL65_.jpg,1,"R$ 155,99",False,False,False,False,,,False,
B0CRCKBT1W,Casa Casinha De Cachorro com Telhado Ecológico Grande N5 (Amarela),"R$ 281,61","R$ 281,61",1.0,,BRL,4.5,28,https://www.amazon.com.br/dp/B0CRCKBT1W,https://m.media-amazon.com/images/I/51dAssbD8uL._AC_UL960_FMwebp_QL65_.jpg,1,"R$ 281,61",False,False,False,True,,"Entrega GRÁTIS: qui., 31 de jul.",False,
B0849YBSNW,Organnact Colageno Dog Tabs 72G,"R$ 100,92","R$ 100,92",1.0,"R$ 117,00",BRL,4.7,68,https://www.amazon.com.br/dp/B0849YBSNW,https://m.media-amazon.com/images/I/51s38Zgp58L._AC_UL960_FMwebp_QL65_.jpg,1,"R$ 100,92",False,False,False,False,Mais de 40 compras no mês passado,"Entrega GRÁTIS: ter., 15 de jul.Ou entrega mais rápida: Hoje",False,
B0DQL8RTHX,"2L Mini Comedouro Automático para Gatos, Aplicativo Inteligente TUYA WIFI Dispenser Comida Pet Automatico, Potes e Tigelas para Cães","R$ 236,30","R$ 0,20",1182.0,"R$ 289,00",BRL,5,1,https://www.amazon.com.br/dp/B0DQL8RTHX,https://m.media-amazon.com/images/I/61l+1x8QTkL._AC_UL960_FMwebp_QL65_.jpg,1,"R$ 236,30",False,False,True,False,,,False,Com Prime
B0CZ753B34,"Heybly Árvore para gatos com escova para cuidados pessoais, condomínio Cat Tower para gatos internos com poleiro de pelúcia acolchoado HCT006GY","R$ 310,00","R$ 310,00",1.0,,BRL,4.4,274,https://www.amazon.com.br/dp/B0CZ753B34,https://m.media-amazon.com/images/I/714yBpHFFOL._AC_UL960_FMwebp_QL65_.jpg,1,"R$ 211,03",False,False,True,False,Mais de 30 compras no mês passado,"Entrega R$ 8,90: qua., 6 de ago.",False,
B0D9ZXZY8S,"N&amp;D Tropical para Cães Adultos de Raças Médias e Grandes Sabor Frango, Cereais e Frutas Tropicais 10,1Kg","R$ 254,50","R$ 25,20",10.0,,BRL,4.9,18,https://www.amazon.com.br/dp/B0D9ZXZY8S,https://m.media-amazon.com/images/I/71SqU2IJbuL._AC_UL960_FMwebp_QL65_.jpg,1,"R$ 254,50",False,False,False,False,Mais de 40 compras no mês passado,"Entrega R$ 57,73: 23 - 25 de jul.",False,
B0FD59M7QQ,Combo 2 Suplementos Artrotab/Sticks Para Cães C/30 Unidades Cada Minha Casa Buritis,"R$ 319,97","R$ 159,99",2.0,,BRL,,0,https://www.amazon.com.br/dp/B0FD59M7QQ,https://m.media-amazon.com/images/I/519GvsL9qeL._AC_UL960_FMwebp_QL65_.jpg,1,"R$ 319,97",False,False,False,False,,"Entrega GRÁTIS: qui., 31 de jul.",False,
B07Y2BW46N,Labyes Antioxidante Gerioox Condroprotetor Cães E Gatos - 30 Comprimidos,"R$ 199,90","R$ 199,90",1.0,,BRL,4.8,640,https://www.amazon.com.br/dp/B07Y2BW46N,https://m.media-amazon.com/images/I/51UIkl3kOHL._AC_UL960_FMwebp_QL65_.jpg,1,"R$ 199,90",False,False,False,False,Mais de 300 compras no mês passado,"Entrega GRÁTIS: qua., 16 de jul.",False,
B07Y1Y7NDX,"Simparic 20mg, 5,1 até 10kg, 03 Compr Zoetis para Cães","R$ 165,00","R$ 55,00",3.0,"R$ 173,86",BRL,4.8,8617,https://www.amazon.com.br/dp/B07Y1Y7NDX,https://m.media-amazon.com/images/I/61pZi4gGriL._AC_UL960_FMwebp_QL65_.jpg,49,"R$ 151,97",False,False,False,False,Mais de 2 mil compras no mês passado,"Entrega GRÁTIS: qua., 16 de jul.",False,
